分类,问题,答案
产品知识,公司有哪些产品线,公司主要提供企业级 SaaS 产品和 AI 解决方案。包括智能客服、数据分析平台、办公协同工具三大产品线。详情可查内部产品文档。
产品知识,公司产品的核心功能是什么,智能客服产品支持多轮对话和知识库问答。数据分析平台提供可视化报表。办公协同工具支持文档协作和审批流。
产品知识,产品如何获取试用账号,联系你的直属主管或产品运营同事申请试用账号。审核通过后会开通相应权限。
技术文档,新员工如何接入公司开发环境,入职后由 IT 同事开通开发账号。按内部技术文档配置 VPN、Git 仓库权限和 CI/CD 流水线。
技术文档,公司技术栈是什么,后端以 Java 和 Go 为主。前端使用 React。数据侧使用 Python。基础设施基于 Kubernetes 和云服务。
人事制度,请假流程怎么走,在办公协同系统提交请假申请。填写类型和天数。由直属主管审批。超过 3 天需人事部门复核。
人事制度,试用期和转正标准是什么,试用期一般为 3 个月。考核工作表现、协作能力和目标达成情况。达标后由主管发起转正流程。
行政财务,报销需要什么发票,报销需提供增值税专用发票或普通发票。抬头为公司全称。并附消费明细。通过财务系统提交。
行政财务,办公用品和会议室怎么申请,会议室通过办公协同系统预约。办公用品向行政部申领。紧急情况可直接联系行政前台。
